Route ID,URL,Normalized URL,Route Pattern,Module,Submodule,Page Title,Source,Dynamic Route,Visited,API Count
LSM-ROUTE-001,https://lsm.nexumind.com/change-password,https://lsm.nexumind.com/change-password,https://lsm.nexumind.com/change-password,Change Password,Login,Change Password,live bundle route map: main-NA7YTRXK.js,No,No,0
LSM-ROUTE-002,https://lsm.nexumind.com/charters/approvals,https://lsm.nexumind.com/charters/approvals,https://lsm.nexumind.com/charters/approvals,Charters,Approvals,Charters Approvals,live bundle menu config: main-NA7YTRXK.js,No,No,0
LSM-ROUTE-003,https://lsm.nexumind.com/charters/my,https://lsm.nexumind.com/charters/my,https://lsm.nexumind.com/charters/my,Charters,My,Charters My,live bundle menu config: main-NA7YTRXK.js,No,No,0
LSM-ROUTE-004,https://lsm.nexumind.com/charters/team,https://lsm.nexumind.com/charters/team,https://lsm.nexumind.com/charters/team,Charters,Team,Charters Team,live bundle menu config: main-NA7YTRXK.js,No,No,0
LSM-ROUTE-005,https://lsm.nexumind.com/charters/team/create/:id,https://lsm.nexumind.com/charters/team/create/:id,https://lsm.nexumind.com/charters/team/create/:id,Charters,Team Create,Charters Team Create,live bundle route map: main-NA7YTRXK.js,Yes,No,0
LSM-ROUTE-006,https://lsm.nexumind.com/charters/team/update/:id,https://lsm.nexumind.com/charters/team/update/:id,https://lsm.nexumind.com/charters/team/update/:id,Charters,Team Update,Charters Team Update,live bundle route map: main-NA7YTRXK.js,Yes,No,0
LSM-ROUTE-007,https://lsm.nexumind.com/competency-management,https://lsm.nexumind.com/competency-management,https://lsm.nexumind.com/competency-management,Competency Management,Login,Competency Management,live bundle menu config: main-NA7YTRXK.js,No,No,0
LSM-ROUTE-008,https://lsm.nexumind.com/competency-templates,https://lsm.nexumind.com/competency-templates,https://lsm.nexumind.com/competency-templates,Competency Templates,Login,Competency Templates,live bundle menu config: main-NA7YTRXK.js,No,No,0
LSM-ROUTE-009,https://lsm.nexumind.com/cycles,https://lsm.nexumind.com/cycles,https://lsm.nexumind.com/cycles,Cycles,Login,Cycles,live bundle menu config: main-NA7YTRXK.js,No,No,0
LSM-ROUTE-010,https://lsm.nexumind.com/cycles/settings,https://lsm.nexumind.com/cycles/settings,https://lsm.nexumind.com/cycles/settings,Cycles,Settings,Cycles Settings,live bundle menu config: main-NA7YTRXK.js,No,No,0
LSM-ROUTE-011,https://lsm.nexumind.com/dashboard,https://lsm.nexumind.com/dashboard,https://lsm.nexumind.com/dashboard,Dashboard,Login,Dashboard,live bundle menu config: main-NA7YTRXK.js,No,No,0
LSM-ROUTE-012,https://lsm.nexumind.com/dashboard/company,https://lsm.nexumind.com/dashboard/company,https://lsm.nexumind.com/dashboard/company,Dashboard,Company,Dashboard Company,live bundle menu config: main-NA7YTRXK.js,No,No,0
LSM-ROUTE-013,https://lsm.nexumind.com/dashboard/employees,https://lsm.nexumind.com/dashboard/employees,https://lsm.nexumind.com/dashboard/employees,Dashboard,Employees,Dashboard Employees,live bundle menu config: main-NA7YTRXK.js,No,No,0
LSM-ROUTE-014,https://lsm.nexumind.com/departments,https://lsm.nexumind.com/departments,https://lsm.nexumind.com/departments,Departments,Login,Departments,live bundle menu config: main-NA7YTRXK.js,No,No,0
LSM-ROUTE-015,https://lsm.nexumind.com/evaluations/approvals,https://lsm.nexumind.com/evaluations/approvals,https://lsm.nexumind.com/evaluations/approvals,Evaluations,Approvals,Evaluations Approvals,live bundle menu config: main-NA7YTRXK.js,No,No,0
LSM-ROUTE-016,https://lsm.nexumind.com/evaluations/create,https://lsm.nexumind.com/evaluations/create,https://lsm.nexumind.com/evaluations/create,Evaluations,Create,Evaluations Create,live bundle route map: main-NA7YTRXK.js,No,No,0
LSM-ROUTE-017,https://lsm.nexumind.com/evaluations/team/create/:id,https://lsm.nexumind.com/evaluations/team/create/:id,https://lsm.nexumind.com/evaluations/team/create/:id,Evaluations,Team Create,Evaluations Team Create,live bundle route map: main-NA7YTRXK.js,Yes,No,0
LSM-ROUTE-018,https://lsm.nexumind.com/evaluations/team/update/:id,https://lsm.nexumind.com/evaluations/team/update/:id,https://lsm.nexumind.com/evaluations/team/update/:id,Evaluations,Team Update,Evaluations Team Update,live bundle route map: main-NA7YTRXK.js,Yes,No,0
LSM-ROUTE-019,https://lsm.nexumind.com/goals-bank,https://lsm.nexumind.com/goals-bank,https://lsm.nexumind.com/goals-bank,Goals Bank,Login,Goals Bank,live bundle menu config: main-NA7YTRXK.js,No,No,0
LSM-ROUTE-020,https://lsm.nexumind.com/it/cycles-management,https://lsm.nexumind.com/it/cycles-management,https://lsm.nexumind.com/it/cycles-management,It,Cycles Management,It Cycles Management,live bundle route map: main-NA7YTRXK.js,No,No,0
LSM-ROUTE-021,https://lsm.nexumind.com/it/dashboard,https://lsm.nexumind.com/it/dashboard,https://lsm.nexumind.com/it/dashboard,It,Dashboard,It Dashboard,live bundle menu config: main-NA7YTRXK.js,No,No,0
LSM-ROUTE-022,https://lsm.nexumind.com/it/database-backup,https://lsm.nexumind.com/it/database-backup,https://lsm.nexumind.com/it/database-backup,It,Database Backup,It Database Backup,live bundle menu config: main-NA7YTRXK.js,No,No,0
LSM-ROUTE-023,https://lsm.nexumind.com/it/email-service,https://lsm.nexumind.com/it/email-service,https://lsm.nexumind.com/it/email-service,It,Email Service,It Email Service,live bundle menu config: main-NA7YTRXK.js,No,No,0
LSM-ROUTE-024,https://lsm.nexumind.com/it/email-templates,https://lsm.nexumind.com/it/email-templates,https://lsm.nexumind.com/it/email-templates,It,Email Templates,It Email Templates,live bundle menu config: main-NA7YTRXK.js,No,No,0
LSM-ROUTE-025,https://lsm.nexumind.com/it/external-system,https://lsm.nexumind.com/it/external-system,https://lsm.nexumind.com/it/external-system,It,External System,It External System,live bundle menu config: main-NA7YTRXK.js,No,No,0
LSM-ROUTE-026,https://lsm.nexumind.com/job-titles,https://lsm.nexumind.com/job-titles,https://lsm.nexumind.com/job-titles,Job Titles,Login,Job Titles,live bundle menu config: main-NA7YTRXK.js,No,No,0
LSM-ROUTE-027,https://lsm.nexumind.com/login,https://lsm.nexumind.com/login,https://lsm.nexumind.com/login,تسجيل الدخول,مرحبًا بك في نظام إدارة الأداء,تسجيل الدخول,login page after frontend rejected API token,No,Yes,11
LSM-ROUTE-028,https://lsm.nexumind.com/my-evaluations,https://lsm.nexumind.com/my-evaluations,https://lsm.nexumind.com/my-evaluations,My Evaluations,Login,My Evaluations,live bundle menu config: main-NA7YTRXK.js,No,No,0
LSM-ROUTE-029,https://lsm.nexumind.com/reports/employee-charters,https://lsm.nexumind.com/reports/employee-charters,https://lsm.nexumind.com/reports/employee-charters,Reports,Employee Charters,Reports Employee Charters,live bundle menu config: main-NA7YTRXK.js,No,No,0
LSM-ROUTE-030,https://lsm.nexumind.com/reports/employee-evaluations,https://lsm.nexumind.com/reports/employee-evaluations,https://lsm.nexumind.com/reports/employee-evaluations,Reports,Employee Evaluations,Reports Employee Evaluations,live bundle menu config: main-NA7YTRXK.js,No,No,0
LSM-ROUTE-031,https://lsm.nexumind.com/reports/employees,https://lsm.nexumind.com/reports/employees,https://lsm.nexumind.com/reports/employees,Reports,Employees,Reports Employees,live bundle menu config: main-NA7YTRXK.js,No,No,0
LSM-ROUTE-032,https://lsm.nexumind.com/team-evaluations,https://lsm.nexumind.com/team-evaluations,https://lsm.nexumind.com/team-evaluations,Team Evaluations,Login,Team Evaluations,live bundle menu config: main-NA7YTRXK.js,No,No,0
LSM-ROUTE-033,https://lsm.nexumind.com/test-dashboard,https://lsm.nexumind.com/test-dashboard,https://lsm.nexumind.com/test-dashboard,Test Dashboard,Login,Test Dashboard,live bundle route map: main-NA7YTRXK.js,No,No,0
LSM-ROUTE-034,https://lsm.nexumind.com/users,https://lsm.nexumind.com/users,https://lsm.nexumind.com/users,Users,Login,Users,live bundle menu config: main-NA7YTRXK.js,No,No,0
